{
  "status": "OK",
  "n_results": 3,
  "recommendations": [
    {
      "raw_score": 3.0,
      "score": 3.0,
      "scoring_per_filter": {
        "COST": 1.0,
        "DIMENSIONS": 1.0,
        "EFFECTIVE_CURRENT_DENSITY": 1.0,
        "EFFECTIVE_RESISTANCE": 0.0,
        "LOSSES": 1.0,
        "MAGNETOMOTIVE_FORCE": 1.0
      },
      "core_shape": "T 63/38/25",
      "core_shape_raw": "T 63/38/25",
      "material": "N87",
      "material_raw": "N87",
      "gapping": [],
      "n_windings": 2,
      "primary_turns": 5,
      "primary_parallels": 1,
      "primary_wire": "Litz TXXL180/38TXXX-2(MWXX)",
      "primary_wire_raw": "Litz TXXL180/38TXXX-2(MWXX)",
      "primary_wire_info": {
        "original_name": "Litz TXXL180/38TXXX-2(MWXX)",
        "wire_type": "litz",
        "conducting_diameter": 0.0,
        "conducting_width": 0.0,
        "conducting_height": 0.0,
        "number_conductors": 180,
        "matched_name": null
      },
      "secondary_turns": 6,
      "secondary_parallels": 1,
      "secondary_wire": "Round T10A01PXXX-3",
      "secondary_wire_raw": "Round T10A01PXXX-3",
      "secondary_wire_info": {
        "original_name": "Round T10A01PXXX-3",
        "wire_type": "round",
        "conducting_diameter": 0.002588,
        "conducting_width": 0.0,
        "conducting_height": 0.0,
        "number_conductors": 1,
        "matched_name": "Round 10.0 - Heavy Build"
      },
      "secondary_wire_matched": "Round 10.0 - Heavy Build",
      "core_losses_w": 0.0,
      "winding_losses_w": 0.14739132415893724,
      "total_losses_w": 0.14739132415893724,
      "loss_source": "OpenMagnetics",
      "operating_point_outputs": [
        {
          "index": 0,
          "Lm_H": 0.00014254331690928028,
          "Llk_H": 8.769832326642621e-07,
          "core_loss_W": 0.046383138964389385,
          "B_peak_T": 0.009536644457904324,
          "B_pp_T": 0.019067873303167435,
          "B_offset_T": -2.707806320607735e-06,
          "winding_loss_W": 0.14739132415893724
        },
        {
          "index": 1,
          "Lm_H": 0.00014254331690928028,
          "Llk_H": 8.769832326642621e-07,
          "core_loss_W": 0.03384322176523764,
          "B_peak_T": 0.008533117183881422,
          "B_pp_T": 0.01702262443438917,
          "B_offset_T": 2.180496668683675e-05,
          "winding_loss_W": 0.15910182894869626
        }
      ],
      "Lm_uH": 142.5433169092803,
      "Llk_uH": 0.876983232664262,
      "B_peak_mT": 9.536644457904325,
      "B_pp_mT": 19.067873303167435,
      "B_offset_mT": -0.002707806320607735,
      "core_loss_W": 0.046383138964389385,
      "winding_loss_W": 0.14739132415893724,
      "Ae_m2": 0.00031250000000000006,
      "le_m": 0.15865042900628457,
      "Ve_m3": 4.957825906446395e-05,
      "core_shape_local_key": "T_63_38_25",
      "material_local_key": "N87",
      "primary_wire_local_key": "Litz_TXXL180_38TXXX_2(MWXX)",
      "secondary_wire_local_key": "Round_10_0___Heavy_Build",
      "ui_weighted_score": 1.0,
      "ui_score": 1.0,
      "weighted_score": 1.0,
      "score_mode": "raw_mkf"
    },
    {
      "raw_score": 2.993110381102614,
      "score": 2.993110381102614,
      "scoring_per_filter": {
        "COST": 1.0,
        "DIMENSIONS": 0.9997184440121124,
        "EFFECTIVE_CURRENT_DENSITY": 1.0,
        "EFFECTIVE_RESISTANCE": 0.0,
        "LOSSES": 0.9933919370905018,
        "MAGNETOMOTIVE_FORCE": 1.0
      },
      "core_shape": "T 63/38/25",
      "core_shape_raw": "T 63/38/25",
      "material": "N87",
      "material_raw": "N87",
      "gapping": [],
      "n_windings": 2,
      "primary_turns": 5,
      "primary_parallels": 1,
      "primary_wire": "Litz TXXL180/38TXXX-3(MWXX)",
      "primary_wire_raw": "Litz TXXL180/38TXXX-3(MWXX)",
      "primary_wire_info": {
        "original_name": "Litz TXXL180/38TXXX-3(MWXX)",
        "wire_type": "litz",
        "conducting_diameter": 0.0,
        "conducting_width": 0.0,
        "conducting_height": 0.0,
        "number_conductors": 180,
        "matched_name": null
      },
      "secondary_turns": 6,
      "secondary_parallels": 1,
      "secondary_wire": "Round T10A01PXXX-3",
      "secondary_wire_raw": "Round T10A01PXXX-3",
      "secondary_wire_info": {
        "original_name": "Round T10A01PXXX-3",
        "wire_type": "round",
        "conducting_diameter": 0.002588,
        "conducting_width": 0.0,
        "conducting_height": 0.0,
        "number_conductors": 1,
        "matched_name": "Round 10.0 - Heavy Build"
      },
      "secondary_wire_matched": "Round 10.0 - Heavy Build",
      "core_losses_w": 0.0,
      "winding_losses_w": 0.14777662835336136,
      "total_losses_w": 0.14777662835336136,
      "loss_source": "OpenMagnetics",
      "operating_point_outputs": [
        {
          "index": 0,
          "Lm_H": 0.00014254331690928028,
          "Llk_H": 9.334905968078922e-07,
          "core_loss_W": 0.046383138964389385,
          "B_peak_T": 0.009536644457904324,
          "B_pp_T": 0.019067873303167435,
          "B_offset_T": -2.707806320607735e-06,
          "winding_loss_W": 0.14777662835336136
        },
        {
          "index": 1,
          "Lm_H": 0.00014254331690928028,
          "Llk_H": 9.334905968078922e-07,
          "core_loss_W": 0.03384322176523764,
          "B_peak_T": 0.008533117183881422,
          "B_pp_T": 0.01702262443438917,
          "B_offset_T": 2.180496668683675e-05,
          "winding_loss_W": 0.15954908890423752
        }
      ],
      "Lm_uH": 142.5433169092803,
      "Llk_uH": 0.9334905968078923,
      "B_peak_mT": 9.536644457904325,
      "B_pp_mT": 19.067873303167435,
      "B_offset_mT": -0.002707806320607735,
      "core_loss_W": 0.046383138964389385,
      "winding_loss_W": 0.14777662835336136,
      "Ae_m2": 0.00031250000000000006,
      "le_m": 0.15865042900628457,
      "Ve_m3": 4.957825906446395e-05,
      "core_shape_local_key": "T_63_38_25",
      "material_local_key": "N87",
      "primary_wire_local_key": "Litz_TXXL180_38TXXX_3(MWXX)",
      "secondary_wire_local_key": "Round_10_0___Heavy_Build",
      "ui_weighted_score": 0.9966341540496597,
      "ui_score": 0.9966341540496597,
      "weighted_score": 0.9966341540496597,
      "score_mode": "raw_mkf"
    },
    {
      "raw_score": 2.4126141338374056,
      "score": 2.4126141338374056,
      "scoring_per_filter": {
        "COST": 1.0,
        "DIMENSIONS": 0.7226089380408687,
        "EFFECTIVE_CURRENT_DENSITY": 1.0,
        "EFFECTIVE_RESISTANCE": 0.0,
        "LOSSES": 0.690005195796537,
        "MAGNETOMOTIVE_FORCE": 1.0
      },
      "core_shape": "T 102/66/15",
      "core_shape_raw": "T 102/66/15",
      "material": "3C90",
      "material_raw": "3C90",
      "gapping": [],
      "n_windings": 2,
      "primary_turns": 5,
      "primary_parallels": 1,
      "primary_wire": "Litz TXXL180/38TXXX-2(MWXX)",
      "primary_wire_raw": "Litz TXXL180/38TXXX-2(MWXX)",
      "primary_wire_info": {
        "original_name": "Litz TXXL180/38TXXX-2(MWXX)",
        "wire_type": "litz",
        "conducting_diameter": 0.0,
        "conducting_width": 0.0,
        "conducting_height": 0.0,
        "number_conductors": 180,
        "matched_name": null
      },
      "secondary_turns": 6,
      "secondary_parallels": 1,
      "secondary_wire": "Round T10A01PXXX-3",
      "secondary_wire_raw": "Round T10A01PXXX-3",
      "secondary_wire_info": {
        "original_name": "Round T10A01PXXX-3",
        "wire_type": "round",
        "conducting_diameter": 0.002588,
        "conducting_width": 0.0,
        "conducting_height": 0.0,
        "number_conductors": 1,
        "matched_name": "Round 10.0 - Heavy Build"
      },
      "secondary_wire_matched": "Round 10.0 - Heavy Build",
      "core_losses_w": 0.0,
      "winding_losses_w": 0.13071743311497344,
      "total_losses_w": 0.13071743311497344,
      "loss_source": "OpenMagnetics",
      "operating_point_outputs": [
        {
          "index": 0,